id;name;login;password
1;Sheldon;existing_1964;"""<h0B]eo"
2;Jule;regards_1993;"+kFVVl""?"
3;Micah;scene_2069;8./Fir.&
4;Francene;jul_1904;"`yT9k[=["
5;Rubi;country_1900;vHn6^u/y
6;Milford;functional_2052;t(`iK_7t
7;Hilma;timely_1934;Y5GiFyqe
8;Lonna;currency_1910;nRB_WwrP
9;Rosena;heel_2094;6_3C~_lL
10;Euna;atomic_2045;)D)<yLYl
11;Tova;quotations_1917;B(9^HFe1
12;Erin;test_1894;=X5M@`<a
13;Marvin;ozone_2027;(MYWFdAZ
14;Larry;villas_1946;YeE}zMB7
15;Arlie;force_1814;sVm^i=*c
16;Mario;did_1854;>BSU{s|'
17;Kimberlie;circular_1957;^SxPrMp'
18;Sabine;photographs_1976;idD9\xl&
19;Howard;calgary_2054;&y>!fTJ5
20;Tamie;techno_2067;S~GR`y$z
